playerId,currentName,tmPlayerId,tmUrl,careerStatus,confirmedFreeAgent,currentClub,currentClubTmId,currentCompetition,currentCompetitionTmId,mainPosition,positionGroup,birthDate,age,nationalities,marketValueEur,contractExpires,portraitPresent,preferredFoot,representationStatus,seedKey,sourceName,sourceClub,sourcePosition,sourceSeason,sourceUrl
"cmtr671ay001p33yneg7h3wrw","Akmal Holmatov","seed:UZ1-2026-ANDIJON-004","seed://uz1/UZ1-2026-ANDIJON-004","UNKNOWN","false","","","","","UNKNOWN","MF","","","[]","","","false","UNKNOWN","UNKNOWN","UZ1-2026-ANDIJON-004","Akmal Holmatov","Andijon","MF","2026",""
"cmtr671dz007j33yn9dwqxmb1","Akram Bahriddinov","seed:UZ1-2026-MASHALMU-016","seed://uz1/UZ1-2026-MASHALMU-016","UNKNOWN","false","","","","","UNKNOWN","MF","","","[]","","","false","UNKNOWN","UNKNOWN","UZ1-2026-MASHALMU-016","Akram Bahriddinov","Mashal Muborak","MF","2026",""
"cmtr671fi00av33yncopit85p","Alijon Alijonov","seed:UZ1-2026-NAVBAHOR-012","seed://uz1/UZ1-2026-NAVBAHOR-012","UNKNOWN","false","","","","","UNKNOWN","DF","","","[]","","","false","UNKNOWN","UNKNOWN","UZ1-2026-NAVBAHOR-012","Alijon Alijonov","Navbahor Namangan","DF","2026",""
"cmtr671ka00ll33yn173dbbgk","Alisher Shogulyamov","seed:UZ1-2026-LOKOMOTI-045","seed://uz1/UZ1-2026-LOKOMOTI-045","UNKNOWN","false","","","","","UNKNOWN","FW","","","[]","","","false","UNKNOWN","UNKNOWN","UZ1-2026-LOKOMOTI-045","Alisher Shogulyamov","Lokomotiv Tashkent","FW","2026",""
"cmtr671h200d733ynwws0lxno","Amirbek Berdiyev","seed:UZ1-2026-NEFTCHIF-033","seed://uz1/UZ1-2026-NEFTCHIF-033","UNKNOWN","false","","","","","UNKNOWN","FW","","","[]","","","false","UNKNOWN","UNKNOWN","UZ1-2026-NEFTCHIF-033","Amirbek Berdiyev","Neftchi Fergana","FW","2026",""
"cmtr671am001733yn3hx8qd0r","Asadbek Akhmadjonov","seed:UZ1-2026-AGMK-022","seed://uz1/UZ1-2026-AGMK-022","UNKNOWN","false","","","","","UNKNOWN","MF","","","[]","","","false","UNKNOWN","UNKNOWN","UZ1-2026-AGMK-022","Asadbek Akhmadjonov","AGMK","MF","2026",""
"cmtr671ai000x33ynst0hhr5x","Asadbek Sobirjonov","seed:UZ1-2026-AGMK-017","seed://uz1/UZ1-2026-AGMK-017","UNKNOWN","false","","","","","UNKNOWN","MF","","","[]","","","false","UNKNOWN","UNKNOWN","UZ1-2026-AGMK-017","Asadbek Sobirjonov","AGMK","MF","2026",""
"cmtr671e4007x33yndrigf5ex","Asilbek Obidov","seed:UZ1-2026-MASHALMU-024","seed://uz1/UZ1-2026-MASHALMU-024","UNKNOWN","false","","","","","UNKNOWN","FW","","","[]","","","false","UNKNOWN","UNKNOWN","UZ1-2026-MASHALMU-024","Asilbek Obidov","Mashal Muborak","FW","2026",""
"cmtr671gy00d133ynvzwubv9m","Asilbek To'xtasinov","seed:UZ1-2026-NEFTCHIF-028","seed://uz1/UZ1-2026-NEFTCHIF-028","UNKNOWN","false","","","","","UNKNOWN","MF","","","[]","","","false","UNKNOWN","UNKNOWN","UZ1-2026-NEFTCHIF-028","Asilbek To'xtasinov","Neftchi Fergana","MF","2026",""
"cmtr671er009j33yngr4gawia","Asliddin Tursunpulatov","seed:UZ1-2026-NASAFQAR-028","seed://uz1/UZ1-2026-NASAFQAR-028","UNKNOWN","false","","","","","UNKNOWN","MF","","","[]","","","false","UNKNOWN","UNKNOWN","UZ1-2026-NASAFQAR-028","Asliddin Tursunpulatov","Nasaf Qarshi","MF","2026",""
"cmtr671ii00gr33ynihyijvqq","Avazxon Mamatxojaev","seed:UZ1-2026-KOKAND19-021","seed://uz1/UZ1-2026-KOKAND19-021","UNKNOWN","false","","","","","UNKNOWN","MF","","","[]","","","false","UNKNOWN","UNKNOWN","UZ1-2026-KOKAND19-021","Avazxon Mamatxojaev","Kokand 1912","MF","2026",""
"cmtr671fn00b733ynjw5ci7jz","Azimjon Akhmedov","seed:UZ1-2026-NAVBAHOR-018","seed://uz1/UZ1-2026-NAVBAHOR-018","UNKNOWN","false","","","","","UNKNOWN","MF","","","[]","","","false","UNKNOWN","UNKNOWN","UZ1-2026-NAVBAHOR-018","Azimjon Akhmedov","Navbahor Namangan","MF","2026",""
"cmtr671be002h33yngigx7yc6","Aziz Ibragimov","seed:UZ1-2026-BUXORO-004","seed://uz1/UZ1-2026-BUXORO-004","UNKNOWN","false","","","","","UNKNOWN","MF","","","[]","","","false","UNKNOWN","UNKNOWN","UZ1-2026-BUXORO-004","Aziz Ibragimov","Buxoro","MF","2026",""
"cmtr671gp00cn33ynul0xmeus","Azizbek Erimbetov","seed:UZ1-2026-NEFTCHIF-018","seed://uz1/UZ1-2026-NEFTCHIF-018","UNKNOWN","false","","","","","UNKNOWN","MF","","","[]","","","false","UNKNOWN","UNKNOWN","UZ1-2026-NEFTCHIF-018","Azizbek Erimbetov","Neftchi Fergana","MF","2026",""
"cmtr671jx00kf33ynp5brcexx","Azizbek Haydarov","seed:UZ1-2026-LOKOMOTI-024","seed://uz1/UZ1-2026-LOKOMOTI-024","UNKNOWN","false","","","","","UNKNOWN","MF","","","[]","","","false","UNKNOWN","UNKNOWN","UZ1-2026-LOKOMOTI-024","Azizbek Haydarov","Lokomotiv Tashkent","MF","2026",""
"cmtr671ij00gv33yndg8r4ro0","Bahodir Pardaev","seed:UZ1-2026-KOKAND19-023","seed://uz1/UZ1-2026-KOKAND19-023","UNKNOWN","false","","","","","UNKNOWN","FW","","","[]","","","false","UNKNOWN","UNKNOWN","UZ1-2026-KOKAND19-023","Bahodir Pardaev","Kokand 1912","FW","2026",""
"cmtr671ef008r33yntmfju0no","Bakhodir Khalilov","seed:UZ1-2026-NASAFQAR-014","seed://uz1/UZ1-2026-NASAFQAR-014","UNKNOWN","false","","","","","UNKNOWN","DF","","","[]","","","false","UNKNOWN","UNKNOWN","UZ1-2026-NASAFQAR-014","Bakhodir Khalilov","Nasaf Qarshi","DF","2026",""
"cmtr671eu009r33yn2jx3dg2i","Bakhrom Abdurakhimov","seed:UZ1-2026-NASAFQAR-034","seed://uz1/UZ1-2026-NASAFQAR-034","UNKNOWN","false","","","","","UNKNOWN","MF","","","[]","","","false","UNKNOWN","UNKNOWN","UZ1-2026-NASAFQAR-034","Bakhrom Abdurakhimov","Nasaf Qarshi","MF","2026",""
"cmtr671am001533ynq0pj8a42","Bakhtierjon Kosimov","seed:UZ1-2026-AGMK-021","seed://uz1/UZ1-2026-AGMK-021","UNKNOWN","false","","","","","UNKNOWN","MF","","","[]","","","false","UNKNOWN","UNKNOWN","UZ1-2026-AGMK-021","Bakhtierjon Kosimov","AGMK","MF","2026",""
"cmtr671k000kn33ynoqx83c9y","Bobur Ergashev","seed:UZ1-2026-LOKOMOTI-028","seed://uz1/UZ1-2026-LOKOMOTI-028","UNKNOWN","false","","","","","UNKNOWN","MF","","","[]","","","false","UNKNOWN","UNKNOWN","UZ1-2026-LOKOMOTI-028","Bobur Ergashev","Lokomotiv Tashkent","MF","2026",""
"cmtr671ca003v33ynwbqa8gun","Bobur Farhodov","seed:UZ1-2026-BUNYODKO-015","seed://uz1/UZ1-2026-BUNYODKO-015","UNKNOWN","false","","","","","UNKNOWN","MF","","","[]","","","false","UNKNOWN","UNKNOWN","UZ1-2026-BUNYODKO-015","Bobur Farhodov","Bunyodkor Tashkent","MF","2026",""
"cmtr671ca003t33yn4lszitqq","Chaker Zouaghi","seed:UZ1-2026-BUNYODKO-014","seed://uz1/UZ1-2026-BUNYODKO-014","UNKNOWN","false","","","","","UNKNOWN","MF","","","[]","","","false","UNKNOWN","UNKNOWN","UZ1-2026-BUNYODKO-014","Chaker Zouaghi","Bunyodkor Tashkent","MF","2026",""
"cmtr671h000d333yn2p7vsi61","Daler Tuxsanov","seed:UZ1-2026-NEFTCHIF-030","seed://uz1/UZ1-2026-NEFTCHIF-030","UNKNOWN","false","","","","","UNKNOWN","FW","","","[]","","","false","UNKNOWN","UNKNOWN","UZ1-2026-NEFTCHIF-030","Daler Tuxsanov","Neftchi Fergana","FW","2026",""
"cmtr671fe00an33ynktp0mdfq","Davron Khashimov","seed:UZ1-2026-NAVBAHOR-007","seed://uz1/UZ1-2026-NAVBAHOR-007","UNKNOWN","false","","","","","UNKNOWN","DF","","","[]","","","false","UNKNOWN","UNKNOWN","UZ1-2026-NAVBAHOR-007","Davron Khashimov","Navbahor Namangan","DF","2026",""
"cmtr671fr00bh33yny5lp04y8","Davronbek Olimzhonov","seed:UZ1-2026-NAVBAHOR-024","seed://uz1/UZ1-2026-NAVBAHOR-024","UNKNOWN","false","","","","","UNKNOWN","MF","","","[]","","","false","UNKNOWN","UNKNOWN","UZ1-2026-NAVBAHOR-024","Davronbek Olimzhonov","Navbahor Namangan","MF","2026",""
"cmtr671c9003r33yn8uo5frkv","Davronbek Umirov","seed:UZ1-2026-BUNYODKO-013","seed://uz1/UZ1-2026-BUNYODKO-013","UNKNOWN","false","","","","","UNKNOWN","DF","","","[]","","","false","UNKNOWN","UNKNOWN","UZ1-2026-BUNYODKO-013","Davronbek Umirov","Bunyodkor Tashkent","DF","2026",""
"cmtr671c0003733yn38yfmldu","Dilshod Khamraev","seed:UZ1-2026-BUNYODKO-003","seed://uz1/UZ1-2026-BUNYODKO-003","UNKNOWN","false","","","","","Goalkeeper","GK","","","[]","","","false","UNKNOWN","UNKNOWN","UZ1-2026-BUNYODKO-003","Dilshod Khamraev","Bunyodkor Tashkent","GK","2026",""
"cmtr6719w000333ynt3cb7fqk","Dilshod Yokubov","seed:UZ1-2026-AGMK-002","seed://uz1/UZ1-2026-AGMK-002","UNKNOWN","false","","","","","Goalkeeper","GK","","","[]","","","false","UNKNOWN","UNKNOWN","UZ1-2026-AGMK-002","Dilshod Yokubov","AGMK","GK","2026",""
"cmtr671k800lf33ynplrltvfp","Donier Usmanov","seed:UZ1-2026-LOKOMOTI-042","seed://uz1/UZ1-2026-LOKOMOTI-042","UNKNOWN","false","","","","","UNKNOWN","FW","","","[]","","","false","UNKNOWN","UNKNOWN","UZ1-2026-LOKOMOTI-042","Donier Usmanov","Lokomotiv Tashkent","FW","2026",""
"cmtr671fp00bd33yntj2nu5mz","Doston Abdulkhaev","seed:UZ1-2026-NAVBAHOR-022","seed://uz1/UZ1-2026-NAVBAHOR-022","UNKNOWN","false","","","","","UNKNOWN","MF","","","[]","","","false","UNKNOWN","UNKNOWN","UZ1-2026-NAVBAHOR-022","Doston Abdulkhaev","Navbahor Namangan","MF","2026",""
"cmtr671gg00cd33yn4776pdi8","Elsevarbek Olimov","seed:UZ1-2026-NEFTCHIF-008","seed://uz1/UZ1-2026-NEFTCHIF-008","UNKNOWN","false","","","","","UNKNOWN","DF","","","[]","","","false","UNKNOWN","UNKNOWN","UZ1-2026-NEFTCHIF-008","Elsevarbek Olimov","Neftchi Fergana","DF","2026",""
"cmtr671db006533ynpepk067u","Farrukh Ikramov","seed:UZ1-2026-DINAMOSA-021","seed://uz1/UZ1-2026-DINAMOSA-021","UNKNOWN","false","","","","","UNKNOWN","MF","","","[]","","","false","UNKNOWN","UNKNOWN","UZ1-2026-DINAMOSA-021","Farrukh Ikramov","Dinamo Samarkand","MF","2026",""
"cmtr671gx00cz33yn7qhsxcwv","Francisco Jurani","seed:UZ1-2026-NEFTCHIF-027","seed://uz1/UZ1-2026-NEFTCHIF-027","UNKNOWN","false","","","","","UNKNOWN","MF","","","[]","","","false","UNKNOWN","UNKNOWN","UZ1-2026-NEFTCHIF-027","Francisco Jurani","Neftchi Fergana","MF","2026",""
"cmtr671f600af33ynb3k1m5kt","Hurshid Huzaev","seed:UZ1-2026-NAVBAHOR-003","seed://uz1/UZ1-2026-NAVBAHOR-003","UNKNOWN","false","","","","","Goalkeeper","GK","","","[]","","","false","UNKNOWN","UNKNOWN","UZ1-2026-NAVBAHOR-003","Hurshid Huzaev","Navbahor Namangan","GK","2026",""
"cmtr671gr00cp33yngs7q8exv","Husanboy Umirzoqov","seed:UZ1-2026-NEFTCHIF-020","seed://uz1/UZ1-2026-NEFTCHIF-020","UNKNOWN","false","","","","","UNKNOWN","MF","","","[]","","","false","UNKNOWN","UNKNOWN","UZ1-2026-NEFTCHIF-020","Husanboy Umirzoqov","Neftchi Fergana","MF","2026",""
"cmtr671k400l133ynse4x0ksz","Ibrahim Rakhimov","seed:UZ1-2026-LOKOMOTI-035","seed://uz1/UZ1-2026-LOKOMOTI-035","UNKNOWN","false","","","","","UNKNOWN","MF","","","[]","","","false","UNKNOWN","UNKNOWN","UZ1-2026-LOKOMOTI-035","Ibrahim Rakhimov","Lokomotiv Tashkent","MF","2026",""
"cmtr671e0007l33yn6kinyybw","Iskandar Shoikulov","seed:UZ1-2026-MASHALMU-017","seed://uz1/UZ1-2026-MASHALMU-017","UNKNOWN","false","","","","","UNKNOWN","MF","","","[]","","","false","UNKNOWN","UNKNOWN","UZ1-2026-MASHALMU-017","Iskandar Shoikulov","Mashal Muborak","MF","2026",""
"cmtr671ie00gf33yn1wxuecaz","Ivan Josovic","seed:UZ1-2026-KOKAND19-013","seed://uz1/UZ1-2026-KOKAND19-013","UNKNOWN","false","","","","","UNKNOWN","DF","","","[]","","","false","UNKNOWN","UNKNOWN","UZ1-2026-KOKAND19-013","Ivan Josovic","Kokand 1912","DF","2026",""
"cmtr671ke00lz33yn5us3u1l5","Izzatov","seed:UZ1-2026-XORAZMUR-002","seed://uz1/UZ1-2026-XORAZMUR-002","UNKNOWN","false","","","","","UNKNOWN","MF","","","[]","","","false","UNKNOWN","UNKNOWN","UZ1-2026-XORAZMUR-002","Izzatov","Xorazm Urganch","MF","2026",""
"cmtr671jn00jn33yn1h60rrej","Jahongir Hoshimboyev","seed:UZ1-2026-LOKOMOTI-009","seed://uz1/UZ1-2026-LOKOMOTI-009","UNKNOWN","false","","","","","Goalkeeper","GK","","","[]","","","false","UNKNOWN","UNKNOWN","UZ1-2026-LOKOMOTI-009","Jahongir Hoshimboyev","Lokomotiv Tashkent","GK","2026",""
"cmtr671hx00f533yn3ct2jhhw","Jambul Jigauri","seed:UZ1-2026-QIZILQUM-006","seed://uz1/UZ1-2026-QIZILQUM-006","UNKNOWN","false","","","","","UNKNOWN","MF","","","[]","","","false","UNKNOWN","UNKNOWN","UZ1-2026-QIZILQUM-006","Jambul Jigauri","Qizilqum Zarafshon","MF","2026",""
"cmtr671c8003p33ynbuek7b7b","Javlon Mirabdullaev","seed:UZ1-2026-BUNYODKO-012","seed://uz1/UZ1-2026-BUNYODKO-012","UNKNOWN","false","","","","","UNKNOWN","DF","","","[]","","","false","UNKNOWN","UNKNOWN","UZ1-2026-BUNYODKO-012","Javlon Mirabdullaev","Bunyodkor Tashkent","DF","2026",""
"cmtr671ek009133yn5v9tblw0","Javokhir Utamurodov","seed:UZ1-2026-NASAFQAR-019","seed://uz1/UZ1-2026-NASAFQAR-019","UNKNOWN","false","","","","","UNKNOWN","DF","","","[]","","","false","UNKNOWN","UNKNOWN","UZ1-2026-NASAFQAR-019","Javokhir Utamurodov","Nasaf Qarshi","DF","2026",""
"cmtr671c5003h33yn7084si0d","Khasan Askarov","seed:UZ1-2026-BUNYODKO-008","seed://uz1/UZ1-2026-BUNYODKO-008","UNKNOWN","false","","","","","UNKNOWN","DF","","","[]","","","false","UNKNOWN","UNKNOWN","UZ1-2026-BUNYODKO-008","Khasan Askarov","Bunyodkor Tashkent","DF","2026",""
"cmtr671dw007b33ynb8vgf5os","Khudoyorkhon Sagdullaev","seed:UZ1-2026-MASHALMU-012","seed://uz1/UZ1-2026-MASHALMU-012","UNKNOWN","false","","","","","UNKNOWN","MF","","","[]","","","false","UNKNOWN","UNKNOWN","UZ1-2026-MASHALMU-012","Khudoyorkhon Sagdullaev","Mashal Muborak","MF","2026",""
"cmtr671hl00e733ynh89nazps","Kimi Merk","seed:UZ1-2026-PAKHTAKO-018","seed://uz1/UZ1-2026-PAKHTAKO-018","UNKNOWN","false","","","","","UNKNOWN","MF","","","[]","","","false","UNKNOWN","UNKNOWN","UZ1-2026-PAKHTAKO-018","Kimi Merk","Pakhtakor Tashkent","MF","2026",""
"cmtr671ha00dr33yn7evtnl6g","Makhmud Makhamadzhonov","seed:UZ1-2026-PAKHTAKO-009","seed://uz1/UZ1-2026-PAKHTAKO-009","UNKNOWN","false","","","","","UNKNOWN","DF","","","[]","","","false","UNKNOWN","UNKNOWN","UZ1-2026-PAKHTAKO-009","Makhmud Makhamadzhonov","Pakhtakor Tashkent","DF","2026",""
"cmtr671jg00j933ynket3x9e6","Mamur Ikramov","seed:UZ1-2026-LOKOMOTI-001","seed://uz1/UZ1-2026-LOKOMOTI-001","UNKNOWN","false","","","","","Goalkeeper","GK","","","[]","","","false","UNKNOWN","UNKNOWN","UZ1-2026-LOKOMOTI-001","Mamur Ikramov","Lokomotiv Tashkent","GK","2026",""
"cmtr671kl00m933ynqttriznr","Marsiano Roki","seed:UZ1-2026-XORAZMUR-007","seed://uz1/UZ1-2026-XORAZMUR-007","UNKNOWN","false","","","","","UNKNOWN","FW","","","[]","","","false","UNKNOWN","UNKNOWN","UZ1-2026-XORAZMUR-007","Marsiano Roki","Xorazm Urganch","FW","2026",""
"cmtr671ed008l33ynzw653yth","Mashkhyrbek Abdusoliev","seed:UZ1-2026-NASAFQAR-010","seed://uz1/UZ1-2026-NASAFQAR-010","UNKNOWN","false","","","","","UNKNOWN","DF","","","[]","","","false","UNKNOWN","UNKNOWN","UZ1-2026-NASAFQAR-010","Mashkhyrbek Abdusoliev","Nasaf Qarshi","DF","2026",""
"cmtr671cy005f33ynha4c0bfo","Mihailo Jovanovic","seed:UZ1-2026-DINAMOSA-007","seed://uz1/UZ1-2026-DINAMOSA-007","UNKNOWN","false","","","","","UNKNOWN","DF","","","[]","","","false","UNKNOWN","UNKNOWN","UZ1-2026-DINAMOSA-007","Mihailo Jovanovic","Dinamo Samarkand","DF","2026",""
"cmtr671cn004l33ynp76xme9o","Miraziz Jalolov","seed:UZ1-2026-BUNYODKO-029","seed://uz1/UZ1-2026-BUNYODKO-029","UNKNOWN","false","","","","","UNKNOWN","FW","","","[]","","","false","UNKNOWN","UNKNOWN","UZ1-2026-BUNYODKO-029","Miraziz Jalolov","Bunyodkor Tashkent","FW","2026",""
"cmtr671gh00cf33yng70ue6xm","Mirjalol Abdurahimov","seed:UZ1-2026-NEFTCHIF-009","seed://uz1/UZ1-2026-NEFTCHIF-009","UNKNOWN","false","","","","","UNKNOWN","DF","","","[]","","","false","UNKNOWN","UNKNOWN","UZ1-2026-NEFTCHIF-009","Mirjalol Abdurahimov","Neftchi Fergana","DF","2026",""
"cmtr671b0001t33ynf7wkhukg","Mirzakamol Kamalov","seed:UZ1-2026-ANDIJON-006","seed://uz1/UZ1-2026-ANDIJON-006","UNKNOWN","false","","","","","UNKNOWN","MF","","","[]","","","false","UNKNOWN","UNKNOWN","UZ1-2026-ANDIJON-006","Mirzakamol Kamalov","Andijon","MF","2026",""
"cmtr671cf004733ynaz18csaf","Mirzokhid Gofurov","seed:UZ1-2026-BUNYODKO-021","seed://uz1/UZ1-2026-BUNYODKO-021","UNKNOWN","false","","","","","UNKNOWN","MF","","","[]","","","false","UNKNOWN","UNKNOWN","UZ1-2026-BUNYODKO-021","Mirzokhid Gofurov","Bunyodkor Tashkent","MF","2026",""
"cmtr671e6008133yn22191eet","Muiddin Mamazulunov","seed:UZ1-2026-MASHALMU-026","seed://uz1/UZ1-2026-MASHALMU-026","UNKNOWN","false","","","","","UNKNOWN","FW","","","[]","","","false","UNKNOWN","UNKNOWN","UZ1-2026-MASHALMU-026","Muiddin Mamazulunov","Mashal Muborak","FW","2026",""
"cmtr671kl00mb33yny139prou","Mukhammadzhon Razhabboev","seed:UZ1-2026-XORAZMUR-008","seed://uz1/UZ1-2026-XORAZMUR-008","UNKNOWN","false","","","","","UNKNOWN","FW","","","[]","","","false","UNKNOWN","UNKNOWN","UZ1-2026-XORAZMUR-008","Mukhammadzhon Razhabboev","Xorazm Urganch","FW","2026",""
"cmtr671e5007z33yn6sxd3yhk","Mukhriddin Shamsiddinov","seed:UZ1-2026-MASHALMU-025","seed://uz1/UZ1-2026-MASHALMU-025","UNKNOWN","false","","","","","UNKNOWN","FW","","","[]","","","false","UNKNOWN","UNKNOWN","UZ1-2026-MASHALMU-025","Mukhriddin Shamsiddinov","Mashal Muborak","FW","2026",""
"cmtr671kd00lv33ynda3zbdld","Mukhriddin Zoirov","seed:UZ1-2026-LOKOMOTI-050","seed://uz1/UZ1-2026-LOKOMOTI-050","UNKNOWN","false","","","","","UNKNOWN","FW","","","[]","200000","2026-12-31","false","UNKNOWN","UNKNOWN","UZ1-2026-LOKOMOTI-050","Mukhriddin Zoirov","Lokomotiv Tashkent","FW","2026",""
"cmtr671ad000t33ynvy9g2068","Murat Ermatov","seed:UZ1-2026-AGMK-015","seed://uz1/UZ1-2026-AGMK-015","UNKNOWN","false","","","","","UNKNOWN","MF","","","[]","","","false","UNKNOWN","UNKNOWN","UZ1-2026-AGMK-015","Murat Ermatov","AGMK","MF","2026",""
"cmtr671by003333yn6dhb4a3b","Murotjon Zukhurov","seed:UZ1-2026-BUNYODKO-001","seed://uz1/UZ1-2026-BUNYODKO-001","UNKNOWN","false","","","","","Goalkeeper","GK","","","[]","","","false","UNKNOWN","UNKNOWN","UZ1-2026-BUNYODKO-001","Murotjon Zukhurov","Bunyodkor Tashkent","GK","2026",""
"cmtr671ia00g333yn0hr8qams","Muzaffar Abdullayev","seed:UZ1-2026-KOKAND19-005","seed://uz1/UZ1-2026-KOKAND19-005","UNKNOWN","false","","","","","Goalkeeper","GK","","","[]","","","false","UNKNOWN","UNKNOWN","UZ1-2026-KOKAND19-005","Muzaffar Abdullayev","Kokand 1912","GK","2026",""
"cmtr671fo00bb33yn1ftb45mm","Muzaffar Muminov","seed:UZ1-2026-NAVBAHOR-021","seed://uz1/UZ1-2026-NAVBAHOR-021","UNKNOWN","false","","","","","UNKNOWN","MF","","","[]","","","false","UNKNOWN","UNKNOWN","UZ1-2026-NAVBAHOR-021","Muzaffar Muminov","Navbahor Namangan","MF","2026",""
"cmtr671fz00bx33ynzvhajnyn","Navrozbek Iminjonov","seed:UZ1-2026-NAVBAHOR-032","seed://uz1/UZ1-2026-NAVBAHOR-032","UNKNOWN","false","","","","","UNKNOWN","FW","","","[]","","","false","UNKNOWN","UNKNOWN","UZ1-2026-NAVBAHOR-032","Navrozbek Iminjonov","Navbahor Namangan","FW","2026",""
"cmtr671cx005d33yndnqmfhlh","Nodir Sanokulov","seed:UZ1-2026-DINAMOSA-006","seed://uz1/UZ1-2026-DINAMOSA-006","UNKNOWN","false","","","","","UNKNOWN","DF","","","[]","","","false","UNKNOWN","UNKNOWN","UZ1-2026-DINAMOSA-006","Nodir Sanokulov","Dinamo Samarkand","DF","2026",""
"cmtr671cr004x33yn92kz3vkd","Nordin Kamolov","seed:UZ1-2026-BUNYODKO-035","seed://uz1/UZ1-2026-BUNYODKO-035","UNKNOWN","false","","","","","UNKNOWN","FW","","","[]","","","false","UNKNOWN","UNKNOWN","UZ1-2026-BUNYODKO-035","Nordin Kamolov","Bunyodkor Tashkent","FW","2026",""
"cmtr671cg004933ynsvtfqh3c","Nuridin Xasanov","seed:UZ1-2026-BUNYODKO-022","seed://uz1/UZ1-2026-BUNYODKO-022","UNKNOWN","false","","","","","UNKNOWN","MF","","","[]","","","false","UNKNOWN","UNKNOWN","UZ1-2026-BUNYODKO-022","Nuridin Xasanov","Bunyodkor Tashkent","MF","2026",""
"cmtr671fq00bf33yn539hwauc","Nurmuhammad Toshpulatov","seed:UZ1-2026-NAVBAHOR-023","seed://uz1/UZ1-2026-NAVBAHOR-023","UNKNOWN","false","","","","","UNKNOWN","MF","","","[]","","","false","UNKNOWN","UNKNOWN","UZ1-2026-NAVBAHOR-023","Nurmuhammad Toshpulatov","Navbahor Namangan","MF","2026",""
"cmtr671c7003n33ynitct6qvr","Obid Djurabayev","seed:UZ1-2026-BUNYODKO-011","seed://uz1/UZ1-2026-BUNYODKO-011","UNKNOWN","false","","","","","UNKNOWN","DF","","","[]","","","false","UNKNOWN","UNKNOWN","UZ1-2026-BUNYODKO-011","Obid Djurabayev","Bunyodkor Tashkent","DF","2026",""
"cmtr671i200fj33ynx3evrwno","Olim Navkarov","seed:UZ1-2026-QIZILQUM-013","seed://uz1/UZ1-2026-QIZILQUM-013","UNKNOWN","false","","","","","UNKNOWN","FW","","","[]","","","false","UNKNOWN","UNKNOWN","UZ1-2026-QIZILQUM-013","Olim Navkarov","Qizilqum Zarafshon","FW","2026",""
"cmtr671hp00eh33yn3c7jknn5","Saidumarkhon Saidnurullayev","seed:UZ1-2026-PAKHTAKO-024","seed://uz1/UZ1-2026-PAKHTAKO-024","UNKNOWN","false","","","","","UNKNOWN","FW","","","[]","","","false","UNKNOWN","UNKNOWN","UZ1-2026-PAKHTAKO-024","Saidumarkhon Saidnurullayev","Pakhtakor Tashkent","FW","2026",""
"cmtr671c1003933yniw89xuto","Sakhob Jurayev","seed:UZ1-2026-BUNYODKO-004","seed://uz1/UZ1-2026-BUNYODKO-004","UNKNOWN","false","","","","","UNKNOWN","DF","","","[]","","","false","UNKNOWN","UNKNOWN","UZ1-2026-BUNYODKO-004","Sakhob Jurayev","Bunyodkor Tashkent","DF","2026",""
"cmtr671iu00hp33yns7uh1jze","Samandar Sindarov","seed:UZ1-2026-SOGDIANA-009","seed://uz1/UZ1-2026-SOGDIANA-009","UNKNOWN","false","","","","","UNKNOWN","DF","","","[]","","","false","UNKNOWN","UNKNOWN","UZ1-2026-SOGDIANA-009","Samandar Sindarov","Sogdiana Jizzakh","DF","2026",""
"cmtr671dy007h33ynwumm3a6a","Sanjar Zokirov","seed:UZ1-2026-MASHALMU-015","seed://uz1/UZ1-2026-MASHALMU-015","UNKNOWN","false","","","","","UNKNOWN","MF","","","[]","","","false","UNKNOWN","UNKNOWN","UZ1-2026-MASHALMU-015","Sanjar Zokirov","Mashal Muborak","MF","2026",""
"cmtr671jh00jb33ynjirk7khw","Sardor Kabuldzhanov","seed:UZ1-2026-LOKOMOTI-002","seed://uz1/UZ1-2026-LOKOMOTI-002","UNKNOWN","false","","","","","Goalkeeper","GK","","","[]","","","false","UNKNOWN","UNKNOWN","UZ1-2026-LOKOMOTI-002","Sardor Kabuldzhanov","Lokomotiv Tashkent","GK","2026",""
"cmtr671c3003f33ynixowtcx1","Sergei Simonenko","seed:UZ1-2026-BUNYODKO-007","seed://uz1/UZ1-2026-BUNYODKO-007","UNKNOWN","false","","","","","UNKNOWN","DF","","","[]","","","false","UNKNOWN","UNKNOWN","UZ1-2026-BUNYODKO-007","Sergei Simonenko","Bunyodkor Tashkent","DF","2026",""
"cmtr671h600dh33yn7l629f0y","Shahzod Azmiddinov","seed:UZ1-2026-PAKHTAKO-004","seed://uz1/UZ1-2026-PAKHTAKO-004","UNKNOWN","false","","","","","UNKNOWN","DF","","","[]","","","false","UNKNOWN","UNKNOWN","UZ1-2026-PAKHTAKO-004","Shahzod Azmiddinov","Pakhtakor Tashkent","DF","2026",""
"cmtr671ds006z33yn9h22yeku","Shakhboz Juraev","seed:UZ1-2026-MASHALMU-006","seed://uz1/UZ1-2026-MASHALMU-006","UNKNOWN","false","","","","","UNKNOWN","MF","","","[]","","","false","UNKNOWN","UNKNOWN","UZ1-2026-MASHALMU-006","Shakhboz Juraev","Mashal Muborak","MF","2026",""
"cmtr671cq004t33yne68rms72","Shakzodbek Nurmatov","seed:UZ1-2026-BUNYODKO-033","seed://uz1/UZ1-2026-BUNYODKO-033","UNKNOWN","false","","","","","UNKNOWN","FW","","","[]","","","false","UNKNOWN","UNKNOWN","UZ1-2026-BUNYODKO-033","Shakzodbek Nurmatov","Bunyodkor Tashkent","FW","2026",""
"cmtr671jx00kh33ynxpdaa56d","Sherzodbek Karimov","seed:UZ1-2026-LOKOMOTI-025","seed://uz1/UZ1-2026-LOKOMOTI-025","UNKNOWN","false","","","","","UNKNOWN","MF","","","[]","","","false","UNKNOWN","UNKNOWN","UZ1-2026-LOKOMOTI-025","Sherzodbek Karimov","Lokomotiv Tashkent","MF","2026",""
"cmtr671gx00cx33ynrb47oy3a","Shohruhbek Rahmonaliev","seed:UZ1-2026-NEFTCHIF-026","seed://uz1/UZ1-2026-NEFTCHIF-026","UNKNOWN","false","","","","","UNKNOWN","MF","","","[]","","","false","UNKNOWN","UNKNOWN","UZ1-2026-NEFTCHIF-026","Shohruhbek Rahmonaliev","Neftchi Fergana","MF","2026",""
"cmtr671i300fl33ynuvmmas1a","Shoxrux Norxonov","seed:UZ1-2026-QIZILQUM-014","seed://uz1/UZ1-2026-QIZILQUM-014","UNKNOWN","false","","","","","UNKNOWN","FW","","","[]","","","false","UNKNOWN","UNKNOWN","UZ1-2026-QIZILQUM-014","Shoxrux Norxonov","Qizilqum Zarafshon","FW","2026",""
"cmtr671ix00hz33yn6h9p63ua","Siroy Meliev","seed:UZ1-2026-SOGDIANA-015","seed://uz1/UZ1-2026-SOGDIANA-015","UNKNOWN","false","","","","","UNKNOWN","MF","","","[]","","","false","UNKNOWN","UNKNOWN","UZ1-2026-SOGDIANA-015","Siroy Meliev","Sogdiana Jizzakh","MF","2026",""
"cmtr671ah000v33ynfyqyk7cw","Sirozhiddin Bashriddinov","seed:UZ1-2026-AGMK-016","seed://uz1/UZ1-2026-AGMK-016","UNKNOWN","false","","","","","UNKNOWN","MF","","","[]","","","false","UNKNOWN","UNKNOWN","UZ1-2026-AGMK-016","Sirozhiddin Bashriddinov","AGMK","MF","2026",""
"cmtr671jm00jj33ynkds3d1k6","Sukhrobjon Sultanov","seed:UZ1-2026-LOKOMOTI-007","seed://uz1/UZ1-2026-LOKOMOTI-007","UNKNOWN","false","","","","","Goalkeeper","GK","","","[]","","","false","UNKNOWN","UNKNOWN","UZ1-2026-LOKOMOTI-007","Sukhrobjon Sultanov","Lokomotiv Tashkent","GK","2026",""
"cmtr671de006d33yn4eetik6r","Til Mavretic","seed:UZ1-2026-DINAMOSA-025","seed://uz1/UZ1-2026-DINAMOSA-025","UNKNOWN","false","","","","","UNKNOWN","FW","","","[]","","","false","UNKNOWN","UNKNOWN","UZ1-2026-DINAMOSA-025","Til Mavretic","Dinamo Samarkand","FW","2026",""
"cmtr671kh00m733ynzskk8uyx","Timur Bekchanov","seed:UZ1-2026-XORAZMUR-006","seed://uz1/UZ1-2026-XORAZMUR-006","UNKNOWN","false","","","","","UNKNOWN","FW","","","[]","","","false","UNKNOWN","UNKNOWN","UZ1-2026-XORAZMUR-006","Timur Bekchanov","Xorazm Urganch","FW","2026",""
"cmtr671ct005133yny2hwlswz","Toni Jovic","seed:UZ1-2026-BUNYODKO-037","seed://uz1/UZ1-2026-BUNYODKO-037","UNKNOWN","false","","","","","UNKNOWN","FW","","","[]","","","false","UNKNOWN","UNKNOWN","UZ1-2026-BUNYODKO-037","Toni Jovic","Bunyodkor Tashkent","FW","2026",""
"cmtr671iy00i133ynodwtar3p","Ulugbek Kenjayev","seed:UZ1-2026-SOGDIANA-016","seed://uz1/UZ1-2026-SOGDIANA-016","UNKNOWN","false","","","","","UNKNOWN","MF","","","[]","","","false","UNKNOWN","UNKNOWN","UZ1-2026-SOGDIANA-016","Ulugbek Kenjayev","Sogdiana Jizzakh","MF","2026",""
"cmtr671al001333yn7aum4gyh","Ulugbek Sunnatov","seed:UZ1-2026-AGMK-020","seed://uz1/UZ1-2026-AGMK-020","UNKNOWN","false","","","","","UNKNOWN","MF","","","[]","","","false","UNKNOWN","UNKNOWN","UZ1-2026-AGMK-020","Ulugbek Sunnatov","AGMK","MF","2026",""
"cmtr671ec008h33ynri5id0x9","Umidjon Ergashev","seed:UZ1-2026-NASAFQAR-008","seed://uz1/UZ1-2026-NASAFQAR-008","UNKNOWN","false","","","","","Goalkeeper","GK","","","[]","","","false","UNKNOWN","UNKNOWN","UZ1-2026-NASAFQAR-008","Umidjon Ergashev","Nasaf Qarshi","GK","2026",""
"cmtr671a2000b33yna1l1z502","Vitaliy Denisov","seed:UZ1-2026-AGMK-006","seed://uz1/UZ1-2026-AGMK-006","UNKNOWN","false","","","","","UNKNOWN","DF","","","[]","","","false","UNKNOWN","UNKNOWN","UZ1-2026-AGMK-006","Vitaliy Denisov","AGMK","DF","2026",""
"cmtr671gv00ct33yn6sbcdgr6","Yahyo To'xtashev","seed:UZ1-2026-NEFTCHIF-024","seed://uz1/UZ1-2026-NEFTCHIF-024","UNKNOWN","false","","","","","UNKNOWN","MF","","","[]","","","false","UNKNOWN","UNKNOWN","UZ1-2026-NEFTCHIF-024","Yahyo To'xtashev","Neftchi Fergana","MF","2026",""
"cmtr671h300d933ynciawl3l0","Yahyo Zuhriddinov","seed:UZ1-2026-NEFTCHIF-034","seed://uz1/UZ1-2026-NEFTCHIF-034","UNKNOWN","false","","","","","UNKNOWN","FW","","","[]","","","false","UNKNOWN","UNKNOWN","UZ1-2026-NEFTCHIF-034","Yahyo Zuhriddinov","Neftchi Fergana","FW","2026",""
"cmtr671gt00cr33ynjju6fciu","Yahyoxon Isaqov","seed:UZ1-2026-NEFTCHIF-022","seed://uz1/UZ1-2026-NEFTCHIF-022","UNKNOWN","false","","","","","UNKNOWN","MF","","","[]","","","false","UNKNOWN","UNKNOWN","UZ1-2026-NEFTCHIF-022","Yahyoxon Isaqov","Neftchi Fergana","MF","2026",""
"cmtr671ea008d33ynav10y0a0","Zafar Safaev","seed:UZ1-2026-NASAFQAR-006","seed://uz1/UZ1-2026-NASAFQAR-006","UNKNOWN","false","","","","","Goalkeeper","GK","","","[]","","","false","UNKNOWN","UNKNOWN","UZ1-2026-NASAFQAR-006","Zafar Safaev","Nasaf Qarshi","GK","2026",""
"cmtr671k000kp33ynsxssn6nw","Zhasur Khasanov","seed:UZ1-2026-LOKOMOTI-029","seed://uz1/UZ1-2026-LOKOMOTI-029","UNKNOWN","false","","","","","UNKNOWN","MF","","","[]","","","false","UNKNOWN","UNKNOWN","UZ1-2026-LOKOMOTI-029","Zhasur Khasanov","Lokomotiv Tashkent","MF","2026",""
"cmtr671dx007d33ynzgiyklzq","Zhonibek Mirzakulov","seed:UZ1-2026-MASHALMU-013","seed://uz1/UZ1-2026-MASHALMU-013","UNKNOWN","false","","","","","UNKNOWN","MF","","","[]","","","false","UNKNOWN","UNKNOWN","UZ1-2026-MASHALMU-013","Zhonibek Mirzakulov","Mashal Muborak","MF","2026",""
"cmtr671ir00hf33ynubqjp7y2","Zoir Jurabaev","seed:UZ1-2026-SOGDIANA-004","seed://uz1/UZ1-2026-SOGDIANA-004","UNKNOWN","false","","","","","UNKNOWN","DF","","","[]","","","false","UNKNOWN","UNKNOWN","UZ1-2026-SOGDIANA-004","Zoir Jurabaev","Sogdiana Jizzakh","DF","2026",""
