seedPlayerId,seedName,seedKey,sourceClub,sourcePosition,birthDate,localBestMatch,localBestTmPlayerId,localBestClub,localBestSimilarity,clubMatch,positionMatch,DOBMatch,runnerUp,runnerUpTmPlayerId,status
"cmtr671hs00ep33ynrw3x3k3e","Abbos Ergashboev","UZ1-2026-PAKHTAKO-028","Pakhtakor Tashkent","FW","","","","","","","","","","","NEEDS_EXTERNAL_IDENTITY_LOOKUP"
"cmtr671dv007933yneay5fec0","Abbos Shodmonov","UZ1-2026-MASHALMU-011","Mashal Muborak","MF","","Abbos Otakhonov","318061","Xorazm Urganch","0.643","false","false","false","Abbos Gulomov","650354","NEEDS_EXTERNAL_IDENTITY_LOOKUP"
"cmtr671k900lh33yn40rk5jdn","Abdul Aziz Yusupov","UZ1-2026-LOKOMOTI-043","Lokomotiv Tashkent","FW","","Utkir Yusupov","311958","Navbahor Namangan","0.563","false","false","false","","","NEEDS_EXTERNAL_IDENTITY_LOOKUP"
"cmtr671eb008f33yn7koxxljv","Adkhamjon Musulmonov","UZ1-2026-NASAFQAR-007","Nasaf Qarshi","GK","","Davronbek Usmonov","1383135","Nasaf Qarshi","0.556","true","false","false","Azamjon Temirkhonov","1522798","AMBIGUOUS"
"cmtr671d0005j33yn9vkh4as2","Akbar Abdirasulov","UZ1-2026-DINAMOSA-009","Dinamo Samarkand","DF","","","","","","","","","","","NEEDS_EXTERNAL_IDENTITY_LOOKUP"
"cmtr671ay001p33yneg7h3wrw","Akmal Holmatov","UZ1-2026-ANDIJON-004","Andijon","MF","","Diyor Kholmatov","704546","Navbahor Namangan","0.615","false","true","false","","","NEEDS_EXTERNAL_IDENTITY_LOOKUP"
"cmtr671c2003d33yn9435s81v","Akmal Shorakhmedov","UZ1-2026-BUNYODKO-006","Bunyodkor Tashkent","DF","","","","","","","","","","","NEEDS_EXTERNAL_IDENTITY_LOOKUP"
"cmtr671dz007j33yn9dwqxmb1","Akram Bahriddinov","UZ1-2026-MASHALMU-016","Mashal Muborak","MF","","","","","","","","","","","NEEDS_EXTERNAL_IDENTITY_LOOKUP"
"cmtr6719y000733ynr7uk2dvb","Akramjon Komilov","UZ1-2026-AGMK-004","AGMK","DF","","Akramzhon Komilov","288933","Nasaf Qarshi","0.875","false","true","false","Abdurakhmon Komilov","914670","AMBIGUOUS"
"cmtr671h300db33ynezrbina6","Albert Nurullayev","UZ1-2026-NEFTCHIF-035","Neftchi Fergana","FW","","Akbar Turaev","185373","Neftchi Fergana","0.563","true","false","false","Sukhrob Nurullaev","355876","AMBIGUOUS"
"cmtr671cb003x33ynlnrzd2cj","Aleksandar Alempijevic","UZ1-2026-BUNYODKO-016","Bunyodkor Tashkent","MF","","","","","","","","","","","NEEDS_EXTERNAL_IDENTITY_LOOKUP"
"cmtr671f500ad33ynsdyayqn2","Aleksandr Lobanov","UZ1-2026-NAVBAHOR-002","Navbahor Namangan","GK","","Aleksandr Zevadinov","1061551","Bunyodkor Tashkent","0.722","false","false","false","","","AMBIGUOUS"
"cmtr671js00k333yne2l4ultx","Alexander Susnjar","UZ1-2026-LOKOMOTI-017","Lokomotiv Tashkent","CB","1995-08-19","Aleksandar Susnjar","206836","Lokomotiv Tashkent","0.824","true","false","false","","","LOCAL_DUPLICATE"
"cmtr671ce004533yned98y2fs","Alibobo Rakhmatullaev","UZ1-2026-BUNYODKO-020","Bunyodkor Tashkent","MF","","Diyor Rakhmatilloev","1122102","FC Qizilqum","0.632","false","false","false","Shakhzod Rakhmatullaev","988939","NEEDS_EXTERNAL_IDENTITY_LOOKUP"
"cmtr671fi00av33yncopit85p","Alijon Alijonov","UZ1-2026-NAVBAHOR-012","Navbahor Namangan","DF","","Ikboljon Malikjonov","501829","FC Kokand 1912","0.611","false","false","false","Azizjon Akhrorov","1188359","NEEDS_EXTERNAL_IDENTITY_LOOKUP"
"cmtr671ka00ll33yn173dbbgk","Alisher Shogulyamov","UZ1-2026-LOKOMOTI-045","Lokomotiv Tashkent","FW","","Alisher Odilov","630017","Neftchi Fergana","0.611","false","true","false","Alisher Salimov","651311","NEEDS_EXTERNAL_IDENTITY_LOOKUP"
"cmtr671i100ff33ynf2gv0lcw","Alisher Shukurov","UZ1-2026-QIZILQUM-011","Qizilqum Zarafshon","MF","","Alisher Salimov","651311","FC Kokand 1912","0.667","false","false","false","Alisher Odilov","630017","NEEDS_EXTERNAL_IDENTITY_LOOKUP"
"cmtr671h200d733ynwws0lxno","Amirbek Berdiyev","UZ1-2026-NEFTCHIF-033","Neftchi Fergana","FW","","Amirbek Saidov","1079580","Sogdiana Jizzakh","0.600","false","false","false","","","NEEDS_EXTERNAL_IDENTITY_LOOKUP"
"cmtr671c1003b33ynk606zypb","Anvar Gafurov","UZ1-2026-BUNYODKO-005","Bunyodkor Tashkent","DF","","Anvarjon Gofurov","493443","Neftchi Fergana","0.733","false","true","false","Anvar Juraev","580096","AMBIGUOUS"
"cmtr671gd00cb33ynalenoa2g","Anvar Gofurov","UZ1-2026-NEFTCHIF-004","Neftchi Fergana","DF","","Anvarjon Gofurov","493443","Neftchi Fergana","0.800","true","true","false","Anvar Juraev","580096","LOCAL_DUPLICATE"
"cmtr671am001733yn3hx8qd0r","Asadbek Akhmadjonov","UZ1-2026-AGMK-022","AGMK","MF","","Asadbek Rakhimzhonov","1096528","Navbahor Namangan","0.722","false","false","false","Nodirbek Akhmadjonov","1449699","AMBIGUOUS"
"cmtr671e4007v33ynmtf3upr9","Asadbek Samariddinov","UZ1-2026-MASHALMU-023","Mashal Muborak","FW","","Jasurbek Jaloliddinov","603416","Navbahor Namangan","0.650","false","false","false","Asadbek Rakhimzhonov","1096528","NEEDS_EXTERNAL_IDENTITY_LOOKUP"
"cmtr671ai000x33ynst0hhr5x","Asadbek Sobirjonov","UZ1-2026-AGMK-017","AGMK","MF","","Asad Sobirzhonov","658827","FC OKMK Olmaliq","0.706","true","false","false","Asadbek Rakhimzhonov","1096528","AMBIGUOUS"
"cmtr671e4007x33yndrigf5ex","Asilbek Obidov","UZ1-2026-MASHALMU-024","Mashal Muborak","FW","","Amirbek Saidov","1079580","Sogdiana Jizzakh","0.692","false","false","false","Asilbek Numonov","1079573","NEEDS_EXTERNAL_IDENTITY_LOOKUP"
"cmtr671gy00d133ynvzwubv9m","Asilbek To'xtasinov","UZ1-2026-NEFTCHIF-028","Neftchi Fergana","MF","","Nurillo Tukhtasinov","486759","Dinamo Samarqand","0.588","false","true","false","Asilbek Numonov","1079573","NEEDS_EXTERNAL_IDENTITY_LOOKUP"
"cmtr671er009j33yngr4gawia","Asliddin Tursunpulatov","UZ1-2026-NASAFQAR-028","Nasaf Qarshi","MF","","Shamsiddin Tursunmakhamadov","1401673","Bunyodkor Tashkent","0.600","false","false","false","Asliddin Toshtemirov","629996","NEEDS_EXTERNAL_IDENTITY_LOOKUP"
"cmtr671ii00gr33ynihyijvqq","Avazxon Mamatxojaev","UZ1-2026-KOKAND19-021","Kokand 1912","MF","","","","","","","","","","","NEEDS_EXTERNAL_IDENTITY_LOOKUP"
"cmtr671fn00b733ynjw5ci7jz","Azimjon Akhmedov","UZ1-2026-NAVBAHOR-018","Navbahor Namangan","MF","","Azizjon Akhrorov","1188359","Xorazm Urganch","0.714","false","false","false","Narimonjon Akhmadjonov","1082385","AMBIGUOUS"
"cmtr671be002h33yngigx7yc6","Aziz Ibragimov","UZ1-2026-BUXORO-004","Buxoro","MF","","Valizhon Rakhimov","754022","Navbahor Namangan","0.600","false","false","false","Alisher Salimov","651311","NEEDS_EXTERNAL_IDENTITY_LOOKUP"
"cmtr671gp00cn33ynul0xmeus","Azizbek Erimbetov","UZ1-2026-NEFTCHIF-018","Neftchi Fergana","MF","","Azizbek Tulkinbekov","1077648","Bunyodkor Tashkent","0.667","false","true","false","Azizbek Amanov","517918","AMBIGUOUS"
"cmtr671jx00kf33ynp5brcexx","Azizbek Haydarov","UZ1-2026-LOKOMOTI-024","Lokomotiv Tashkent","MF","","Azizbek Amanov","517918","Dinamo Samarqand","0.733","false","false","false","Amirbek Saidov","1079580","AMBIGUOUS"
"cmtr671ij00gv33yndg8r4ro0","Bahodir Pardaev","UZ1-2026-KOKAND19-023","Kokand 1912","FW","","Bakhodir Nasimov","143820","Dinamo Samarqand","0.643","false","true","false","","","NEEDS_EXTERNAL_IDENTITY_LOOKUP"
"cmtr671ef008r33yntmfju0no","Bakhodir Khalilov","UZ1-2026-NASAFQAR-014","Nasaf Qarshi","DF","","Bakhodir Nasimov","143820","Dinamo Samarqand","0.786","false","false","false","","","AMBIGUOUS"
"cmtr671eu009r33yn2jx3dg2i","Bakhrom Abdurakhimov","UZ1-2026-NASAFQAR-034","Nasaf Qarshi","MF","","Shokhrukh Abdurakhmonov","661557","Navbahor Namangan","0.579","false","true","false","Sardor Abduraimov","492567","NEEDS_EXTERNAL_IDENTITY_LOOKUP"
"cmtr671am001533ynq0pj8a42","Bakhtierjon Kosimov","UZ1-2026-AGMK-021","AGMK","MF","","Bakhodir Nasimov","143820","Dinamo Samarqand","0.588","false","false","false","","","NEEDS_EXTERNAL_IDENTITY_LOOKUP"
"cmtr671di006j33ynftde8qq6","Bektemir Abdumannonov","UZ1-2026-DINAMOSA-029","Dinamo Samarkand","FW","","Doniyor Abdumannopov","661061","FC Andijon","0.600","false","false","false","","","NEEDS_EXTERNAL_IDENTITY_LOOKUP"
"cmtr671k000kn33ynoqx83c9y","Bobur Ergashev","UZ1-2026-LOKOMOTI-028","Lokomotiv Tashkent","MF","","Botirali Ergashev","312690","Neftchi Fergana","0.688","false","false","false","Ozodbek Ergashev","1200321","NEEDS_EXTERNAL_IDENTITY_LOOKUP"
"cmtr671ca003v33ynwbqa8gun","Bobur Farhodov","UZ1-2026-BUNYODKO-015","Bunyodkor Tashkent","MF","","Bobur Askarov","651310","Mash'al Mubarek","0.615","false","false","false","Bobur Abdikholikov","431912","NEEDS_EXTERNAL_IDENTITY_LOOKUP"
"cmtr671ca003t33yn4lszitqq","Chaker Zouaghi","UZ1-2026-BUNYODKO-014","Bunyodkor Tashkent","MF","","","","","","","","","","","NEEDS_EXTERNAL_IDENTITY_LOOKUP"
"cmtr671h000d333yn2p7vsi61","Daler Tuxsanov","UZ1-2026-NEFTCHIF-030","Neftchi Fergana","FW","","","","","","","","","","","NEEDS_EXTERNAL_IDENTITY_LOOKUP"
"cmtr671fe00an33ynktp0mdfq","Davron Khashimov","UZ1-2026-NAVBAHOR-007","Navbahor Namangan","DF","","Abror Karimov","1061552","FC OKMK Olmaliq","0.571","false","true","false","Davron Merganov","772911","NEEDS_EXTERNAL_IDENTITY_LOOKUP"
"cmtr671fr00bh33yny5lp04y8","Davronbek Olimzhonov","UZ1-2026-NAVBAHOR-024","Navbahor Namangan","MF","","Asadbek Rakhimzhonov","1096528","Navbahor Namangan","0.579","true","false","false","Zafarbek Rakhimzhonov","1198061","AMBIGUOUS"
"cmtr671c9003r33yn8uo5frkv","Davronbek Umirov","UZ1-2026-BUNYODKO-013","Bunyodkor Tashkent","DF","","Davronbek Usmonov","1383135","Nasaf Qarshi","0.813","false","false","false","Kamronbek Yusupov","1106183","AMBIGUOUS"
"cmtr671c0003733yn38yfmldu","Dilshod Khamraev","UZ1-2026-BUNYODKO-003","Bunyodkor Tashkent","GK","","Dilshod Misraliev","1341818","Sogdiana Jizzakh","0.688","false","false","false","Dilshod Akhmadaliev","427878","NEEDS_EXTERNAL_IDENTITY_LOOKUP"
"cmtr671eo009b33yn2d4i5np8","Dilshod Murtazayev","UZ1-2026-NASAFQAR-024","Nasaf Qarshi","MF","","Dilshod Murtozoev","1079572","Nasaf Qarshi","0.824","true","false","false","Dilshod Misraliev","1341818","LOCAL_DUPLICATE"
"cmtr6719w000333ynt3cb7fqk","Dilshod Yokubov","UZ1-2026-AGMK-002","AGMK","GK","","Dilshod Komilov","661080","Navbahor Namangan","0.714","false","false","false","Dilshod Saitov","596250","AMBIGUOUS"
"cmtr671k400kz33ynq33mi1b9","Diyor Turopov","UZ1-2026-LOKOMOTI-034","Lokomotiv Tashkent","MF","","Diyorzhon Turopov","274557","Lokomotiv Tashkent","0.750","true","false","false","Shakhzod Turopov","660262","AMBIGUOUS"
"cmtr671k800lf33ynplrltvfp","Donier Usmanov","UZ1-2026-LOKOMOTI-042","Lokomotiv Tashkent","FW","","Davronbek Usmonov","1383135","Nasaf Qarshi","0.625","false","true","false","Daniil Nugumanov","1398347","NEEDS_EXTERNAL_IDENTITY_LOOKUP"
"cmtr671fp00bd33yntj2nu5mz","Doston Abdulkhaev","UZ1-2026-NAVBAHOR-022","Navbahor Namangan","MF","","Dilshod Abdullaev","1079574","Pakhtakor Tashkent","0.688","false","false","false","Doniyor Narzullaev","431914","NEEDS_EXTERNAL_IDENTITY_LOOKUP"
"cmtr671gg00cd33yn4776pdi8","Elsevarbek Olimov","UZ1-2026-NEFTCHIF-008","Neftchi Fergana","DF","","Eldorbek Begimov","630042","FC OKMK Olmaliq","0.563","false","true","false","","","NEEDS_EXTERNAL_IDENTITY_LOOKUP"
"cmtr671db006533ynpepk067u","Farrukh Ikramov","UZ1-2026-DINAMOSA-021","Dinamo Samarkand","MF","","Farrukh Juraev","660296","FC Qizilqum","0.692","false","false","false","Farrukhzhon Ibrokhimov","518820","NEEDS_EXTERNAL_IDENTITY_LOOKUP"
"cmtr671j700il33ynskm17nrv","Fejsal Mulic","UZ1-2026-SOGDIANA-026","Sogdiana Jizzakh","FW","","","","","","","","","","","NEEDS_EXTERNAL_IDENTITY_LOOKUP"
"cmtr671gx00cz33yn7qhsxcwv","Francisco Jurani","UZ1-2026-NEFTCHIF-027","Neftchi Fergana","MF","","","","","","","","","","","NEEDS_EXTERNAL_IDENTITY_LOOKUP"
"cmtr671fy00bv33yn5r7yvqet","Giorgi Nikabadze","UZ1-2026-NAVBAHOR-031","Navbahor Namangan","FW","","","","","","","","","","","NEEDS_EXTERNAL_IDENTITY_LOOKUP"
"cmtr671f600af33ynb3k1m5kt","Hurshid Huzaev","UZ1-2026-NAVBAHOR-003","Navbahor Namangan","GK","","Khurshid Giyosov","375957","Neftchi Fergana","0.571","false","false","false","","","NEEDS_EXTERNAL_IDENTITY_LOOKUP"
"cmtr671gr00cp33yngs7q8exv","Husanboy Umirzoqov","UZ1-2026-NEFTCHIF-020","Neftchi Fergana","MF","","","","","","","","","","","NEEDS_EXTERNAL_IDENTITY_LOOKUP"
"cmtr671k400l133ynse4x0ksz","Ibrahim Rakhimov","UZ1-2026-LOKOMOTI-035","Lokomotiv Tashkent","MF","","Nurlan Ibraimov","1144074","Lokomotiv Tashkent","0.571","true","false","false","Ibrokhim Ibrokhimov","630010","AMBIGUOUS"
"cmtr671hh00dz33yn6y62n73l","Ibrokhim Ibragimov","UZ1-2026-PAKHTAKO-013","Pakhtakor Tashkent","MF","","Ibrokhim Ibrokhimov","630010","Pakhtakor Tashkent","0.875","true","true","false","Ibrokhim Ganikhonov","492555","LOCAL_DUPLICATE"
"cmtr671ka00lj33yns1bfup4l","Idris Bikmaykin","UZ1-2026-LOKOMOTI-044","Lokomotiv Tashkent","FW","","","","","","","","","","","NEEDS_EXTERNAL_IDENTITY_LOOKUP"
"cmtr671f400ab33yndq4wh7hx","Ignatiy Nesterov","UZ1-2026-NAVBAHOR-001","Navbahor Namangan","GK","","","","","","","","","","","NEEDS_EXTERNAL_IDENTITY_LOOKUP"
"cmtr671cp004r33yn8hxfvcdb","Igor Taran","UZ1-2026-BUNYODKO-032","Bunyodkor Tashkent","FW","","Igor Golban","128936","Sogdiana Jizzakh","0.600","false","false","false","","","NEEDS_EXTERNAL_IDENTITY_LOOKUP"
"cmtr671ih00gp33ynesrreew2","Ikboldzhon Malikdzhonov","UZ1-2026-KOKAND19-020","Kokand 1912","MF","","Ikboljon Malikjonov","501829","FC Kokand 1912","0.727","true","false","false","","","AMBIGUOUS"
"cmtr671gn00cj33yng90nx7a7","Ikrom Alibaev","UZ1-2026-NEFTCHIF-016","Neftchi Fergana","MF","","Ikromzhon Alibaev","311898","Neftchi Fergana","0.750","true","true","false","","","LOCAL_DUPLICATE"
"cmtr671a5000f33ynapo8rk2y","Iskandar Businov","UZ1-2026-AGMK-008","AGMK","DF","","","","","","","","","","","NEEDS_EXTERNAL_IDENTITY_LOOKUP"
"cmtr671e0007l33yn6kinyybw","Iskandar Shoikulov","UZ1-2026-MASHALMU-017","Mashal Muborak","MF","","","","","","","","","","","NEEDS_EXTERNAL_IDENTITY_LOOKUP"
"cmtr671i900g133ynpwui8lv2","Islam Abdullaev","UZ1-2026-KOKAND19-004","Kokand 1912","GK","","Dilshod Abdullaev","1079574","Pakhtakor Tashkent","0.688","false","false","false","Abdulla Abdullaev","570272","NEEDS_EXTERNAL_IDENTITY_LOOKUP"
"cmtr671dt007333yn6o7e89gb","Islom Sharipov","UZ1-2026-MASHALMU-008","Mashal Muborak","MF","","Islom Anvarov","1146592","Bunyodkor Tashkent","0.615","false","false","false","Islombek Baratov","756951","NEEDS_EXTERNAL_IDENTITY_LOOKUP"
"cmtr671ie00gf33yn1wxuecaz","Ivan Josovic","UZ1-2026-KOKAND19-013","Kokand 1912","DF","","Ivan Pesic","115133","FC OKMK Olmaliq","0.636","false","false","false","","","NEEDS_EXTERNAL_IDENTITY_LOOKUP"
"cmtr671eu009p33ynelhhvq5d","Ivan Solovyov","UZ1-2026-NASAFQAR-033","Nasaf Qarshi","MF","","","","","","","","","","","NEEDS_EXTERNAL_IDENTITY_LOOKUP"
"cmtr671ke00lz33yn5us3u1l5","Izzatov","UZ1-2026-XORAZMUR-002","Xorazm Urganch","MF","","","","","","","","","","","NEEDS_EXTERNAL_IDENTITY_LOOKUP"
"cmtr671jn00jn33yn1h60rrej","Jahongir Hoshimboyev","UZ1-2026-LOKOMOTI-009","Lokomotiv Tashkent","GK","","","","","","","","","","","NEEDS_EXTERNAL_IDENTITY_LOOKUP"
"cmtr671a5000h33ynoxm2mwb6","Jakhongir Fazilov","UZ1-2026-AGMK-009","AGMK","DF","","Bakhodir Nasimov","143820","Dinamo Samarqand","0.600","false","false","false","Jakhongir Abdusalomov","614028","NEEDS_EXTERNAL_IDENTITY_LOOKUP"
"cmtr671cw005933ynjm2jzf0c","Jakhongir Urozov","UZ1-2026-DINAMOSA-004","Dinamo Samarkand","CB","2004-01-18","","","","","","","","","","NEEDS_EXTERNAL_IDENTITY_LOOKUP"
"cmtr671hx00f533yn3ct2jhhw","Jambul Jigauri","UZ1-2026-QIZILQUM-006","Qizilqum Zarafshon","MF","","Jaba Jigauri","188184","FC Qizilqum","0.769","true","false","false","","","AMBIGUOUS"
"cmtr671c8003p33ynbuek7b7b","Javlon Mirabdullaev","UZ1-2026-BUNYODKO-012","Bunyodkor Tashkent","DF","","Dilshod Abdullaev","1079574","Pakhtakor Tashkent","0.556","false","true","false","Ulugbek Abdullaev","658822","NEEDS_EXTERNAL_IDENTITY_LOOKUP"
"cmtr671cq004v33yn6claxw07","Javokhir Esonkulov","UZ1-2026-BUNYODKO-034","Bunyodkor Tashkent","FW","","Javokhir Sidikov","288957","FC Kokand 1912","0.625","false","false","false","Javokhir Khusanov","918837","NEEDS_EXTERNAL_IDENTITY_LOOKUP"
"cmtr671ek009133yn5v9tblw0","Javokhir Utamurodov","UZ1-2026-NASAFQAR-019","Nasaf Qarshi","DF","","Javokhir Ubaydullaev","1436682","Mash'al Mubarek","0.611","false","false","false","Javokhir Ilyosov","492562","NEEDS_EXTERNAL_IDENTITY_LOOKUP"
"cmtr671jw00kd33ynxw8m7v3y","Kakha Makharadze","UZ1-2026-LOKOMOTI-023","Lokomotiv Tashkent","MF","","","","","","","","","","","NEEDS_EXTERNAL_IDENTITY_LOOKUP"
"cmtr671k500l333ynpuk0hgf7","Karen Abramov","UZ1-2026-LOKOMOTI-036","Lokomotiv Tashkent","MF","","Nurlan Ibraimov","1144074","Lokomotiv Tashkent","0.571","true","false","false","Sardor Abduraimov","492567","AMBIGUOUS"
"cmtr671c5003h33yn7084si0d","Khasan Askarov","UZ1-2026-BUNYODKO-008","Bunyodkor Tashkent","DF","","Bobur Askarov","651310","Mash'al Mubarek","0.583","false","false","false","","","NEEDS_EXTERNAL_IDENTITY_LOOKUP"
"cmtr671dw007b33ynb8vgf5os","Khudoyorkhon Sagdullaev","UZ1-2026-MASHALMU-012","Mashal Muborak","MF","","Dilshod Abdullaev","1079574","Pakhtakor Tashkent","0.550","false","false","false","Doniyor Narzullaev","431914","NEEDS_EXTERNAL_IDENTITY_LOOKUP"
"cmtr671ju00k733ynxkj7e0kk","Khudoyshukur Sattorov","UZ1-2026-LOKOMOTI-019","Lokomotiv Tashkent","DF","","","","","","","","","","","NEEDS_EXTERNAL_IDENTITY_LOOKUP"
"cmtr671hl00e733ynh89nazps","Kimi Merk","UZ1-2026-PAKHTAKO-018","Pakhtakor Tashkent","MF","","","","","","","","","","","NEEDS_EXTERNAL_IDENTITY_LOOKUP"
"cmtr671k200kt33yn2plzq0i3","Lazizbek Mirzaev","UZ1-2026-LOKOMOTI-031","Lokomotiv Tashkent","MF","","Azizbek Choriev","1405287","Mash'al Mubarek","0.600","false","false","false","Azizbek Pirmukhamedov","843326","NEEDS_EXTERNAL_IDENTITY_LOOKUP"
"cmtr671j100i333ynnfamaqja","Ljupche Doriev","UZ1-2026-SOGDIANA-017","Sogdiana Jizzakh","MF","","Ljupco Doriev","329200","Sogdiana Jizzakh","0.846","true","false","false","","","LOCAL_DUPLICATE"
"cmtr671i500fp33yntv4z9xyj","Luka Ratkovic","UZ1-2026-QIZILQUM-017","Qizilqum Zarafshon","FW","","","","","","","","","","","NEEDS_EXTERNAL_IDENTITY_LOOKUP"
"cmtr671ha00dr33yn7evtnl6g","Makhmud Makhamadzhonov","UZ1-2026-PAKHTAKO-009","Pakhtakor Tashkent","DF","","Mashkhur Mukhammadjonov","581626","Xorazm Urganch","0.650","false","false","false","","","NEEDS_EXTERNAL_IDENTITY_LOOKUP"
"cmtr671jg00j933ynket3x9e6","Mamur Ikramov","UZ1-2026-LOKOMOTI-001","Lokomotiv Tashkent","GK","","Zafar Akromov","745390","Mash'al Mubarek","0.583","false","false","false","","","NEEDS_EXTERNAL_IDENTITY_LOOKUP"
"cmtr671k500l533yn0ge7gucz","Marat Bikmaev","UZ1-2026-LOKOMOTI-037","Lokomotiv Tashkent","MF","","","","","","","","","","","NEEDS_EXTERNAL_IDENTITY_LOOKUP"
"cmtr671kl00m933ynqttriznr","Marsiano Roki","UZ1-2026-XORAZMUR-007","Xorazm Urganch","FW","","","","","","","","","","","NEEDS_EXTERNAL_IDENTITY_LOOKUP"
"cmtr671ed008l33ynzw653yth","Mashkhyrbek Abdusoliev","UZ1-2026-NASAFQAR-010","Nasaf Qarshi","DF","","","","","","","","","","","NEEDS_EXTERNAL_IDENTITY_LOOKUP"
"cmtr671cy005f33ynha4c0bfo","Mihailo Jovanovic","UZ1-2026-DINAMOSA-007","Dinamo Samarkand","DF","","Filip Ivanovic","315092","Sogdiana Jizzakh","0.563","false","false","false","","","NEEDS_EXTERNAL_IDENTITY_LOOKUP"
"cmtr671cn004l33ynp76xme9o","Miraziz Jalolov","UZ1-2026-BUNYODKO-029","Bunyodkor Tashkent","FW","","","","","","","","","","","NEEDS_EXTERNAL_IDENTITY_LOOKUP"
"cmtr671gh00cf33yng70ue6xm","Mirjalol Abdurahimov","UZ1-2026-NEFTCHIF-009","Neftchi Fergana","DF","","Sardor Abduraimov","492567","Mash'al Mubarek","0.632","false","false","false","Firdavs Abdurakhmonov","1332994","NEEDS_EXTERNAL_IDENTITY_LOOKUP"
"cmtr671a7000l33yni7v8yxjz","Mirjamol Kosimov","UZ1-2026-AGMK-011","AGMK","MF","","Mirzhamol Kosimov","319512","FC OKMK Olmaliq","0.875","true","true","false","Mirkamol Annamatov","1472839","LOCAL_DUPLICATE"
"cmtr671b0001t33ynf7wkhukg","Mirzakamol Kamalov","UZ1-2026-ANDIJON-006","Andijon","MF","","Mirkamol Annamatov","1472839","Bunyodkor Tashkent","0.647","false","true","false","Mirzhamol Kosimov","319512","NEEDS_EXTERNAL_IDENTITY_LOOKUP"
"cmtr671cf004733ynaz18csaf","Mirzokhid Gofurov","UZ1-2026-BUNYODKO-021","Bunyodkor Tashkent","MF","","","","","","","","","","","NEEDS_EXTERNAL_IDENTITY_LOOKUP"
"cmtr671e6008133yn22191eet","Muiddin Mamazulunov","UZ1-2026-MASHALMU-026","Mashal Muborak","FW","","","","","","","","","","","NEEDS_EXTERNAL_IDENTITY_LOOKUP"
"cmtr671hz00fb33ynqfhbcevx","Mukhammadaziz Ibrakhimov","UZ1-2026-QIZILQUM-009","Qizilqum Zarafshon","MF","","Mukhammadali Adkhamov","1258542","Bunyodkor Tashkent","0.667","false","false","false","Mukhammadali Musakhonov","1258665","NEEDS_EXTERNAL_IDENTITY_LOOKUP"
"cmtr671kl00mb33yny139prou","Mukhammadzhon Razhabboev","UZ1-2026-XORAZMUR-008","Xorazm Urganch","FW","","Mukhammadali Adkhamov","1258542","Bunyodkor Tashkent","0.591","false","true","false","Mukhammadanas Khasanov","493715","NEEDS_EXTERNAL_IDENTITY_LOOKUP"
"cmtr671e5007z33yn6sxd3yhk","Mukhriddin Shamsiddinov","UZ1-2026-MASHALMU-025","Mashal Muborak","FW","","Mukhridin Pazildinov","763078","FC Kokand 1912","0.714","false","false","false","Nuriddin Nuriddinov","1134139","AMBIGUOUS"
"cmtr671kd00lv33ynda3zbdld","Mukhriddin Zoirov","UZ1-2026-LOKOMOTI-050","Lokomotiv Tashkent","FW","","Mukhridin Pazildinov","763078","FC Kokand 1912","0.611","false","false","false","","","NEEDS_EXTERNAL_IDENTITY_LOOKUP"
"cmtr671ad000t33ynvy9g2068","Murat Ermatov","UZ1-2026-AGMK-015","AGMK","MF","","Murodbek Rakhmatov","756948","Nasaf Qarshi","0.625","false","true","false","","","NEEDS_EXTERNAL_IDENTITY_LOOKUP"
"cmtr671in00h533yn8i1ltncu","Murodzhon Komilov","UZ1-2026-KOKAND19-028","Kokand 1912","FW","","Akramzhon Komilov","288933","Nasaf Qarshi","0.750","false","false","false","Islomzhon Kobilov","486760","AMBIGUOUS"
"cmtr671by003333yn6dhb4a3b","Murotjon Zukhurov","UZ1-2026-BUNYODKO-001","Bunyodkor Tashkent","GK","","","","","","","","","","","NEEDS_EXTERNAL_IDENTITY_LOOKUP"
"cmtr671ia00g333yn0hr8qams","Muzaffar Abdullayev","UZ1-2026-KOKAND19-005","Kokand 1912","GK","","Zafar Sadullaev","1523786","Nasaf Qarshi","0.667","false","false","false","Mukhsin Ubaydullaev","189641","NEEDS_EXTERNAL_IDENTITY_LOOKUP"
"cmtr671fo00bb33yn1ftb45mm","Muzaffar Muminov","UZ1-2026-NAVBAHOR-021","Navbahor Namangan","MF","","Muzaffar Olimzhonov","630012","Bunyodkor Tashkent","0.667","false","false","false","","","NEEDS_EXTERNAL_IDENTITY_LOOKUP"
"cmtr671fz00bx33ynzvhajnyn","Navrozbek Iminjonov","UZ1-2026-NAVBAHOR-032","Navbahor Namangan","FW","","Davronbek Usmonov","1383135","Nasaf Qarshi","0.611","false","true","false","Oybek Urmonjonov","1109178","NEEDS_EXTERNAL_IDENTITY_LOOKUP"
"cmtr671cx005d33yndnqmfhlh","Nodir Sanokulov","UZ1-2026-DINAMOSA-006","Dinamo Samarkand","DF","","Nodir Soyibov","1061556","Sogdiana Jizzakh","0.643","false","false","false","Khondamir Mustafokulov","1209192","NEEDS_EXTERNAL_IDENTITY_LOOKUP"
"cmtr671ak001133yndgl3pjt0","Nodirbek Abdurazzokov","UZ1-2026-AGMK-019","AGMK","MF","","Nodir Abdurazzakov","763083","FC OKMK Olmaliq","0.800","true","false","false","Nosirzhon Abdusalomov","1005724","LOCAL_DUPLICATE"
"cmtr671cr004x33yn92kz3vkd","Nordin Kamolov","UZ1-2026-BUNYODKO-035","Bunyodkor Tashkent","FW","","","","","","","","","","","NEEDS_EXTERNAL_IDENTITY_LOOKUP"
"cmtr671cg004933ynsvtfqh3c","Nuridin Xasanov","UZ1-2026-BUNYODKO-022","Bunyodkor Tashkent","MF","","Nurillo Tukhtasinov","486759","Dinamo Samarqand","0.588","false","true","false","Mukhridin Pazildinov","763078","NEEDS_EXTERNAL_IDENTITY_LOOKUP"
"cmtr671fq00bf33yn539hwauc","Nurmuhammad Toshpulatov","UZ1-2026-NAVBAHOR-023","Navbahor Namangan","MF","","Farrukh Toshpulatov","1405283","Mash'al Mubarek","0.636","false","false","false","Nurmukhammad Abduganiev","1256823","NEEDS_EXTERNAL_IDENTITY_LOOKUP"
"cmtr671c7003n33ynitct6qvr","Obid Djurabayev","UZ1-2026-BUNYODKO-011","Bunyodkor Tashkent","DF","","Makhmud Jurabaev","1061535","Mash'al Mubarek","0.571","false","false","false","","","NEEDS_EXTERNAL_IDENTITY_LOOKUP"
"cmtr671e6008333yn3kpjcebi","Oleksandr Vorobey","UZ1-2026-NASAFQAR-001","Nasaf Qarshi","GK","","","","","","","","","","","NEEDS_EXTERNAL_IDENTITY_LOOKUP"
"cmtr671i200fj33ynx3evrwno","Olim Navkarov","UZ1-2026-QIZILQUM-013","Qizilqum Zarafshon","FW","","","","","","","","","","","NEEDS_EXTERNAL_IDENTITY_LOOKUP"
"cmtr671el009333ynlak4ygoi","Quvonch Xushvaqtov","UZ1-2026-NASAFQAR-020","Nasaf Qarshi","DF","","Kuvonchbek Khushvaktov","1513082","Nasaf Qarshi","0.750","true","true","false","","","LOCAL_DUPLICATE"
"cmtr671dr006x33ynn7lwbiqi","Rashid Abubakar","UZ1-2026-MASHALMU-005","Mashal Muborak","MF","","","","","","","","","","","NEEDS_EXTERNAL_IDENTITY_LOOKUP"
"cmtr671do006p33yn8y8cj858","Roman Khadzhiev","UZ1-2026-MASHALMU-001","Mashal Muborak","DF","","Rustam Nartadzhiev","483094","FC Kokand 1912","0.588","false","false","false","","","NEEDS_EXTERNAL_IDENTITY_LOOKUP"
"cmtr671hp00eh33yn3c7jknn5","Saidumarkhon Saidnurullayev","UZ1-2026-PAKHTAKO-024","Pakhtakor Tashkent","FW","","","","","","","","","","","NEEDS_EXTERNAL_IDENTITY_LOOKUP"
"cmtr671c1003933yniw89xuto","Sakhob Jurayev","UZ1-2026-BUNYODKO-004","Bunyodkor Tashkent","DF","","Shakhboz Jurabekov","510495","FC Buxoro","0.625","false","false","false","Makhmud Jurabaev","1061535","NEEDS_EXTERNAL_IDENTITY_LOOKUP"
"cmtr671kd00lt33ynp0v20lxu","Salamat Kutybaev","UZ1-2026-LOKOMOTI-049","Lokomotiv Tashkent","FW","","","","","","","","","","","NEEDS_EXTERNAL_IDENTITY_LOOKUP"
"cmtr671dp006r33yn3zff475o","Samandar Ochilov","UZ1-2026-MASHALMU-002","Mashal Muborak","DF","","Samandar Jurabekov","1384774","Mash'al Mubarek","0.588","false","false","false","Samandar Shukurillaev","745398","NEEDS_EXTERNAL_IDENTITY_LOOKUP"
"cmtr671iu00hp33yns7uh1jze","Samandar Sindarov","UZ1-2026-SOGDIANA-009","Sogdiana Jizzakh","DF","","Samandar Jurabekov","1384774","Mash'al Mubarek","0.588","false","false","false","Samandar Shukurillaev","745398","NEEDS_EXTERNAL_IDENTITY_LOOKUP"
"cmtr671ac000r33yngw5qhngu","Sanjar Tursunov","UZ1-2026-AGMK-014","AGMK","MF","","Khazrat Tursunkulov","659922","FC OKMK Olmaliq","0.588","true","true","false","Dostonbek Tursunov","661764","AMBIGUOUS"
"cmtr671dy007h33ynwumm3a6a","Sanjar Zokirov","UZ1-2026-MASHALMU-015","Mashal Muborak","MF","","Sanzhar Kodirkulov","294503","Dinamo Samarqand","0.588","false","false","false","","","NEEDS_EXTERNAL_IDENTITY_LOOKUP"
"cmtr671jh00jb33ynjirk7khw","Sardor Kabuldzhanov","UZ1-2026-LOKOMOTI-002","Lokomotiv Tashkent","GK","","Sardor Kulmatov","494100","FC Buxoro","0.667","false","false","false","Sardor Rakhmanov","189635","NEEDS_EXTERNAL_IDENTITY_LOOKUP"
"cmtr671hk00e533ynv6xqjz6z","Sardor Sabirkhodjaev","UZ1-2026-PAKHTAKO-017","Pakhtakor Tashkent","DM","1994-11-06","Sardor Sobirkhuzhaev","189636","Pakhtakor Tashkent","0.778","true","false","true","Sardor Mirzaev","127751","LOCAL_DUPLICATE"
"cmtr671ek008z33ynukziqadq","Sardor Sadulloev","UZ1-2026-NASAFQAR-018","Nasaf Qarshi","DF","","Zafar Sadullaev","1523786","Nasaf Qarshi","0.667","true","false","false","Sardor Rakhmanov","189635","AMBIGUOUS"
"cmtr671c3003f33ynixowtcx1","Sergei Simonenko","UZ1-2026-BUNYODKO-007","Bunyodkor Tashkent","DF","","","","","","","","","","","NEEDS_EXTERNAL_IDENTITY_LOOKUP"
"cmtr671jq00jv33ynuy74lv0z","Sergey Prokhorov","UZ1-2026-LOKOMOTI-013","Lokomotiv Tashkent","DF","","","","","","","","","","","NEEDS_EXTERNAL_IDENTITY_LOOKUP"
"cmtr671h600dh33yn7l629f0y","Shahzod Azmiddinov","UZ1-2026-PAKHTAKO-004","Pakhtakor Tashkent","DF","","Shakhzod Toirov","807652","FC OKMK Olmaliq","0.588","false","true","false","Shakhzod Nematzhonov","902513","NEEDS_EXTERNAL_IDENTITY_LOOKUP"
"cmtr671ds006z33yn9h22yeku","Shakhboz Juraev","UZ1-2026-MASHALMU-006","Mashal Muborak","MF","","Shakhboz Jurabekov","510495","FC Buxoro","0.813","false","false","false","Shakhzod Turopov","660262","AMBIGUOUS"
"cmtr671cq004t33yne68rms72","Shakzodbek Nurmatov","UZ1-2026-BUNYODKO-033","Bunyodkor Tashkent","FW","","Oybek Nurmatov","583732","Sogdiana Jizzakh","0.667","false","false","false","Murodbek Rakhmatov","756948","NEEDS_EXTERNAL_IDENTITY_LOOKUP"
"cmtr671jx00kh33ynxpdaa56d","Sherzodbek Karimov","UZ1-2026-LOKOMOTI-025","Lokomotiv Tashkent","MF","","Sherzodbek Abdulboriev","1079575","Lokomotiv Tashkent","0.571","true","false","false","Akhrorbek Rakhimov","1546838","AMBIGUOUS"
"cmtr671gx00cx33ynrb47oy3a","Shohruhbek Rahmonaliev","UZ1-2026-NEFTCHIF-026","Neftchi Fergana","MF","","Shokhrukh Abdurakhmonov","661557","Navbahor Namangan","0.667","false","true","false","","","AMBIGUOUS"
"cmtr671i300fl33ynuvmmas1a","Shoxrux Norxonov","UZ1-2026-QIZILQUM-014","Qizilqum Zarafshon","FW","","Shokhrukh Abdurakhmonov","661557","Navbahor Namangan","0.684","false","false","false","Shokhrukh Isokov","756906","NEEDS_EXTERNAL_IDENTITY_LOOKUP"
"cmtr671ix00hz33yn6h9p63ua","Siroy Meliev","UZ1-2026-SOGDIANA-015","Sogdiana Jizzakh","MF","","","","","","","","","","","NEEDS_EXTERNAL_IDENTITY_LOOKUP"
"cmtr671ah000v33ynfyqyk7cw","Sirozhiddin Bashriddinov","UZ1-2026-AGMK-016","AGMK","MF","","Sirojiddin Solijonov","1244774","Surkhon Termiz","0.609","false","false","false","Nuriddin Nuriddinov","1134139","NEEDS_EXTERNAL_IDENTITY_LOOKUP"
"cmtr671ey009x33ynbra5f93v","Stefan Colovic","UZ1-2026-NASAFQAR-038","Nasaf Qarshi","FW","","","","","","","","","","","NEEDS_EXTERNAL_IDENTITY_LOOKUP"
"cmtr671jm00jj33ynkds3d1k6","Sukhrobjon Sultanov","UZ1-2026-LOKOMOTI-007","Lokomotiv Tashkent","GK","","Sukhrob Nurullaev","355876","Lokomotiv Tashkent","0.588","true","false","false","Sukhrobjon Parmonkulov","1405282","AMBIGUOUS"
"cmtr671de006d33yn4eetik6r","Til Mavretic","UZ1-2026-DINAMOSA-025","Dinamo Samarkand","FW","","","","","","","","","","","NEEDS_EXTERNAL_IDENTITY_LOOKUP"
"cmtr671kh00m733ynzskk8uyx","Timur Bekchanov","UZ1-2026-XORAZMUR-006","Xorazm Urganch","FW","","","","","","","","","","","NEEDS_EXTERNAL_IDENTITY_LOOKUP"
"cmtr671ct005133yny2hwlswz","Toni Jovic","UZ1-2026-BUNYODKO-037","Bunyodkor Tashkent","FW","","","","","","","","","","","NEEDS_EXTERNAL_IDENTITY_LOOKUP"
"cmtr671iy00i133ynodwtar3p","Ulugbek Kenjayev","UZ1-2026-SOGDIANA-016","Sogdiana Jizzakh","MF","","Ulugbek Abdullaev","658822","Dinamo Samarqand","0.563","false","false","false","","","NEEDS_EXTERNAL_IDENTITY_LOOKUP"
"cmtr671al001333yn7aum4gyh","Ulugbek Sunnatov","UZ1-2026-AGMK-020","AGMK","MF","","Ulugbek Khoshimov","629998","Xorazm Urganch","0.600","false","false","false","Ulugbek Abdullaev","658822","NEEDS_EXTERNAL_IDENTITY_LOOKUP"
"cmtr671ei008x33ynh9ifx3st","Umarbek Eshmuradov","UZ1-2026-NASAFQAR-017","Nasaf Qarshi","CB","1992-11-30","Umar Eshmurodov","493725","Nasaf Qarshi","0.765","true","true","true","Otabek Boymurodov","763117","LOCAL_DUPLICATE"
"cmtr671ec008h33ynri5id0x9","Umidjon Ergashev","UZ1-2026-NASAFQAR-008","Nasaf Qarshi","GK","","Umid Ergashev","487325","Xorazm Urganch","0.800","false","false","false","Botirali Ergashev","312690","AMBIGUOUS"
"cmtr671js00k133yn95uksvtz","Valeri Kichin","UZ1-2026-LOKOMOTI-016","Lokomotiv Tashkent","DF","","","","","","","","","","","NEEDS_EXTERNAL_IDENTITY_LOOKUP"
"cmtr671a2000b33yna1l1z502","Vitaliy Denisov","UZ1-2026-AGMK-006","AGMK","DF","","","","","","","","","","","NEEDS_EXTERNAL_IDENTITY_LOOKUP"
"cmtr671gv00ct33yn6sbcdgr6","Yahyo To'xtashev","UZ1-2026-NEFTCHIF-024","Neftchi Fergana","MF","","","","","","","","","","","NEEDS_EXTERNAL_IDENTITY_LOOKUP"
"cmtr671h300d933ynciawl3l0","Yahyo Zuhriddinov","UZ1-2026-NEFTCHIF-034","Neftchi Fergana","FW","","","","","","","","","","","NEEDS_EXTERNAL_IDENTITY_LOOKUP"
"cmtr671gt00cr33ynjju6fciu","Yahyoxon Isaqov","UZ1-2026-NEFTCHIF-022","Neftchi Fergana","MF","","Azizkhon Isokov","661762","FC Buxoro","0.571","false","false","false","","","NEEDS_EXTERNAL_IDENTITY_LOOKUP"
"cmtr671ea008d33ynav10y0a0","Zafar Safaev","UZ1-2026-NASAFQAR-006","Nasaf Qarshi","GK","","Zafar Sadullaev","1523786","Nasaf Qarshi","0.714","true","false","false","Zafar Khakimov","989031","AMBIGUOUS"
"cmtr671k000kp33ynsxssn6nw","Zhasur Khasanov","UZ1-2026-LOKOMOTI-029","Lokomotiv Tashkent","MF","","","","","","","","","","","NEEDS_EXTERNAL_IDENTITY_LOOKUP"
"cmtr671dx007d33ynzgiyklzq","Zhonibek Mirzakulov","UZ1-2026-MASHALMU-013","Mashal Muborak","MF","","Oybek Khamrakulov","1348575","Dinamo Samarqand","0.556","false","false","false","","","NEEDS_EXTERNAL_IDENTITY_LOOKUP"
"cmtr671ir00hf33ynubqjp7y2","Zoir Jurabaev","UZ1-2026-SOGDIANA-004","Sogdiana Jizzakh","DF","","Zoir Dzhuraboev","513883","Sogdiana Jizzakh","0.714","true","false","false","Makhmud Jurabaev","1061535","AMBIGUOUS"
